key,path,notext
51micURU4gWeyqGUOgEg4b,"C:/Users/tesse/Desktop/Files/Dropbox/BIB\Non-Fiction\Statistics\2004 Statistics and Probability for Engineering Applications With Microsoft Excel - W.J. DeCoursey.pdf",
wfKZCkd6r6MKsiQqACMKu,"C:/Users/tesse/Desktop/Files/Dropbox/BIB\Non-Fiction\Statistics\2004 Statistics demystified - Gibilisco.pdf",
2wAFvyyDcQiAoaQWyk0Sic,"C:/Users/tesse/Desktop/Files/Dropbox/BIB\Non-Fiction\Statistics\2005 Cambridge Dictionary of Statistics - B. S. Everitt.pdf",
tPURxB2t6SOaAwsIsiUw4,"C:/Users/tesse/Desktop/Files/Dropbox/BIB\Non-Fiction\Statistics\2005 Fundamentals of Probability and Statistics for Engineers - Yeh.pdf",
4DA05q5Re0wMeG4ec2OqCq,"C:/Users/tesse/Desktop/Files/Dropbox/BIB\Non-Fiction\Statistics\2005 Statistics in plain English - Urdan.pdf",
3QHsjrn7QAugiCaciEOoyf,"C:/Users/tesse/Desktop/Files/Dropbox/BIB\Non-Fiction\Statistics\2006 A Modern Introduction to Probability and Statistics - Understanding Why and How - Devore.pdf",
4xLMHZa8nYAuIwA2wKWqGg,"C:/Users/tesse/Desktop/Files/Dropbox/BIB\Non-Fiction\Statistics\2006 Grinstead and Snell’s Introduction to Probability - Grinstead.pdf",
3SeQt7ahtueUiWK2syq2Mo,"C:/Users/tesse/Desktop/Files/Dropbox/BIB\Non-Fiction\Statistics\2007 Understanding Probability_ Chance Rules in Everyday Life - Henk Tijms.pdf",
1stnssqduwcMU8sK8wOogp,"C:/Users/tesse/Desktop/Files/Dropbox/BIB\Non-Fiction\Statistics\2008 Statistics In Nutshell - Sarah Boslaugh.pdf",
1AfTIrng4g0YIAGW6YOciF,"C:/Users/tesse/Desktop/Files/Dropbox/BIB\Non-Fiction\Statistics\2009 Probability, Markov chains, queues, and simulation - the mathematical basis of - Stewart.pdf",
50wVkIAbc4S8QUowEAaiaM,"C:/Users/tesse/Desktop/Files/Dropbox/BIB\Non-Fiction\Statistics\2010 Introduction to Statistical Quality Control - Douglas C. Montgomery.pdf",
2jnyTByMjikOgW4wkgGuUD,"C:/Users/tesse/Desktop/Files/Dropbox/BIB\Non-Fiction\Statistics\2010 Statistics - Exercises - David Brink.pdf",
3Uzy4MFVAAKoowmKEw6yWl,"C:/Users/tesse/Desktop/Files/Dropbox/BIB\Non-Fiction\Statistics\2012 Elementary statistics - picturing the world - Larson et al.pdf",
AJC15k44ms2IyMOWQCIQl,"C:/Users/tesse/Desktop/Files/Dropbox/BIB\Non-Fiction\Statistics\2012 Estatística e Introdução à Econometria - Alexandre Sartoris.pdf",
3HoFilJx846yc4OWGE0ux,"C:/Users/tesse/Desktop/Files/Dropbox/BIB\Non-Fiction\Statistics\2012 Probability and statistics - DeGroot et al.pdf",
7b11DsCZjigMkQs0UWWmU1,"C:/Users/tesse/Desktop/Files/Dropbox/BIB\Non-Fiction\Statistics\2012AndersonStatistics Statistics for Business and Economics.pdf",
2rUgJWJ4RCaAk8gEuKsIiF,"C:/Users/tesse/Desktop/Files/Dropbox/BIB\Non-Fiction\Statistics\2013 Applied Statistics and Probability for Engineers - Douglas C. Montgomery & George C. Runger.pdf",
1SIDmRWQiscyEOWM42ASOo,"C:/Users/tesse/Desktop/Files/Dropbox/BIB\Non-Fiction\Statistics\2014 John E. Freund's mathematical statistics with applications - Freund et al.pdf",
5rpG0vP4R2OYkC0oqOUsC,"C:/Users/tesse/Desktop/Files/Dropbox/BIB\Non-Fiction\Statistics\2015 OpenIntro Statistics - David Diez & Christopher Barr & Mine Çetinkaya-Rundel.pdf",
3mMMkBKDF6uQ0COqOiwYiL,"C:/Users/tesse/Desktop/Files/Dropbox/BIB\Non-Fiction\Statistics\2017 Introdução Ilustrada a Estatistica - Costa, Sergio Francisco.pdf",
4Bxb7iRPpeWGK0uyMKaIAg,"C:/Users/tesse/Desktop/Files/Dropbox/BIB\Non-Fiction\Statistics\2019 Bayesian Statistics the Fun Way - Will Kurt.epub",
1jrc6oRKSGsA2s2oYMsKy1,"C:/Users/tesse/Desktop/Files/Dropbox/BIB\Non-Fiction\Strength of Materials\2010 Schaum's Outline Strength Of Materials - Nash et al.pdf",
7kja2r01Z64EoEI6cI0cgo,"C:/Users/tesse/Desktop/Files/Dropbox/BIB\Non-Fiction\Writing\!a {2002_gil_como} Como Elaborar Projetos de Pesquisa.pdf",
3MBOeFmm48SYY6eUUgAM4I,"C:/Users/tesse/Desktop/Files/Dropbox/BIB\Non-Fiction\Writing\!b {2013_provdanov_etal_metodologia} metodologia do trabalho científico.pdf",
NYiiho7FKg80skes62eE3,"C:/Users/tesse/Desktop/Files/Dropbox/BIB\Non-Fiction\Writing\1999 A construção do saber - manual de metodologia da pesquisa em ciências humanas - Laville et al.pdf",
yIOt4RjQPuIUacM2yMOQc,"C:/Users/tesse/Desktop/Files/Dropbox/BIB\Non-Fiction\Writing\Research\2003 Fundamentos de metodologia científica - Lakatos et al.pdf",
AnXA2FFhJec6wGQGOsyOy,"C:/Users/tesse/Desktop/Files/Dropbox/BIB\Non-Fiction\Writing\Research\2013 Research Design_ Qualitative, Quantitative, and Mixed Methods Approaches - John W. Creswell.epub",
318bWMY636SkKQokgMGuuW,"C:/Users/tesse/Desktop/Files/Dropbox/BIB\Non-Fiction\Writing\Research\2016 The Craft of Research - Booth, Wayne C. et al_.epub",
7zuuadT6ow6WwwSgKQ6ak8,"C:/Users/tesse/Desktop/Files/Dropbox/BIB\Non-Fiction\Writing\Research\2017 The Essential Guide to Doing Your Research Project - O'Leary, Zina.epub",
WAiOkA5tWCUqy4eCWwQG7,"C:/Users/tesse/Desktop/Files/Dropbox/BIB\Non-Fiction\Writing\Science Writing\!b {2010_petre_etal_unwritten} The unwritten rules of PhD research.pdf",
7bNehJ34is2Qu2A4I28uUY,"C:/Users/tesse/Desktop/Files/Dropbox/BIB\Non-Fiction\Writing\Science Writing\!b {2016_gastel_etal_how} How to write and publish a scientific paper.pdf",
6qkmCtAOn6syk8OeWeIaCJ,"C:/Users/tesse/Desktop/Files/Dropbox/BIB\Non-Fiction\Writing\Science Writing\01_GRA_93584_FM_i_xxviii.indd - .pdf",
1FEfpo4AGQu2G0yQcWouQT,"C:/Users/tesse/Desktop/Files/Dropbox/BIB\Non-Fiction\Writing\Science Writing\1982 How to Write and Publish Engineering Papers and Reports - Herbert Bernard Michaelson.djvu"
6tG8bstt3aGiiIeWm0AeWt,"C:/Users/tesse/Desktop/Files/Dropbox/BIB\Non-Fiction\Writing\Science Writing\2009 Science Research Writing for Non-Native Speakers of English - Hilary Glasman-Deal.pdf",
6xpvr52iPYWQwQYUUg2EGH,"C:/Users/tesse/Desktop/Files/Dropbox/BIB\Non-Fiction\Writing\Science Writing\2010 How to Write a Lot_ a Practical Guide to Productive Academic Writing - Silva, Paul J_.pdf",
3rHq1irxoIaOskqukIKw8o,"C:/Users/tesse/Desktop/Files/Dropbox/BIB\Non-Fiction\Writing\Science Writing\2010 The Dissertation Journey - Carol M. Roberts.epub",
wgdBPkG29UC8Myoig0AK,"C:/Users/tesse/Desktop/Files/Dropbox/BIB\Non-Fiction\Writing\Science Writing\2011 Writing Science - Schimel, Joshua_.pdf",
5KUDk8nIYwQkGUko0YUYkH,"C:/Users/tesse/Desktop/Files/Dropbox/BIB\Non-Fiction\Writing\Science Writing\2013 A Manual for Writers of Research Papers, Theses, and Dissertations - Kate L. Turabian.epub",
56czgpt15uWG4USKQuaWIM,"C:/Users/tesse/Desktop/Files/Dropbox/BIB\Non-Fiction\Writing\Science Writing\2013 The Problem of the problem - McEnerney.pdf",
30Hk5ttigEM4euiCg0EEYQ,"C:/Users/tesse/Desktop/Files/Dropbox/BIB\Non-Fiction\Writing\Science Writing\2014 How to Write a Better Thesis - Evans, David & Gruba, Paul & Zobel, Justin.pdf",
6eVeejqWIwkMuaW4OC0SE8,"C:/Users/tesse/Desktop/Files/Dropbox/BIB\Non-Fiction\Writing\Science Writing\2014 Write It Up_ Practical Strategies for Writing and Publishing Journal Articles - Silvia, Paul J_.pdf",
7lUG76V732wuGEOSIMawkR,"C:/Users/tesse/Desktop/Files/Dropbox/BIB\Non-Fiction\Writing\Science Writing\2015 How to Write a Thesis - Umberto Eco & Caterina Mongiat Farina & Geoff Farina & Francesco Erspamer.epub",
1agTYKnCpMWM8uqM2KgUM0,"C:/Users/tesse/Desktop/Files/Dropbox/BIB\Non-Fiction\Writing\Science Writing\2016 The Scientist's Guide to Writing - Stephen B. Heard.pdf",
4dROF4tY4w4QOi4cOUCoQ7,"C:/Users/tesse/Desktop/Files/Dropbox/BIB\Non-Fiction\Writing\Science Writing\2016 Writing Your Journal Article in Twelve Weeks_ A Guide to Academic Publishing Success - Wendy Laura Belcher.epub",
3T28JJSmyQkGO82AUso8uU,"C:/Users/tesse/Desktop/Files/Dropbox/BIB\Non-Fiction\Writing\Science Writing\2017 Write No Matter What - Joli Jensen.epub",
3unuXCRdhKIGUu20aiQO4W,"C:/Users/tesse/Desktop/Files/Dropbox/BIB\Non-Fiction\Writing\Science Writing\f98eef65f7d311c3956ee041caf4ffdd8e4f.pdf",
6lMWIyNNIcwEkaC2cUUcyF,"C:/Users/tesse/Desktop/Files/Dropbox/BIB\Non-Fiction\Writing\Science Writing\How to Write a Better Thesis by David Evans, Paul Gruba  Justin Zobel (z-lib.org).epub",
1VFlpe0shmaiUGYAcU2Yk6,"C:/Users/tesse/Desktop/Files/Dropbox/BIB\Non-Fiction\Writing\Science Writing\jasinfcon.pdf",
tzwKW9ednq4oCY4QquoGx,"C:/Users/tesse/Desktop/Files/Dropbox/BIB\Non-Fiction\Writing\Science Writing\Literate_writing_and_collegial_citing.pdf",
5JIioXUEZG0Sa40Yme62aU,"C:/Users/tesse/Desktop/Files/Dropbox/BIB\Non-Fiction\Writing\Science Writing\The Uses of Argument, Updated Edition - Toulmin.pdf",
4qQJJx5DJm2k8CgeYiseKd,"C:/Users/tesse/Desktop/Files/Dropbox/BIB\Non-Fiction\Writing\Science Writing\Writing-in-College-U-of-Chicago-Guide.pdf",
6sfSqfOwzCOm8IkOeQ2Cak,"C:/Users/tesse/Desktop/Files/Dropbox/BIB\renamed\!a {1957_rosenblatt_perceptron} The Perceptron - A Perceiving and Recognizing Automaton.pdf",True
49uM0OHUz6iymO4I2Ec2kK,"C:/Users/tesse/Desktop/Files/Dropbox/BIB\renamed\!a {1958_rosenblatt_perceptron} The perceptron.pdf",
2ct1FrI5PmC2eAOIQkA0a3,"C:/Users/tesse/Desktop/Files/Dropbox/BIB\renamed\!a {1969_hanson_etal_extensions} Extensions and Applications of the Householder Algorithm for Solving Linear Least Squares Problems.pdf",
4nRGMcnOLSmAeYGaAIsI8U,"C:/Users/tesse/Desktop/Files/Dropbox/BIB\renamed\!a {1980_golub_etal_analysis} An Analysis of the Total Least Squares Problem.pdf",
7DMitlWYdGU08YqeOsKCEm,"C:/Users/tesse/Desktop/Files/Dropbox/BIB\renamed\!a {1983_jaffe_etal_extensions} Extensions of the Karplus-Strong Plucked-String Algorithm.pdf",
6oSN1dhNT2SmmA4UWOO6AQ,"C:/Users/tesse/Desktop/Files/Dropbox/BIB\renamed\!a {1983_karplus_etal_digital} Digital Synthesis of and Plucked-String Timbres.pdf",
J81uY5cRC8C2aOIEM0I6C,"C:/Users/tesse/Desktop/Files/Dropbox/BIB\renamed\!a {1990_widrow_etal_} 30 Years of Adaptive Neural Networks.pdf",
4WU5jmLaOsiAaAkGw2cwwg,"C:/Users/tesse/Desktop/Files/Dropbox/BIB\renamed\!a {1996_larkin_efficient} Efficient nonlinear algorithm for envelope detection in white light interferometry.pdf",
V0enyL7GYoqOC2yiqoCQm,"C:/Users/tesse/Desktop/Files/Dropbox/BIB\renamed\!a {1998_karjalainen_etal_pluckedstring} Plucked-String Models.pdf",
6Lqcag3F5KG4ouYSaCwuK4,"C:/Users/tesse/Desktop/Files/Dropbox/BIB\renamed\!a {2000_drumright_etal_polylactic} Polylactic Acid Technology.pdf",
3I5OHbKLnqkUUii8U6WmAK,"C:/Users/tesse/Desktop/Files/Dropbox/BIB\renamed\!a {2002_ahn_etal_orthogonal} Orthogonal distance fitting of implicit curves and surfaces.pdf",
6vMi9pubVC2GGA6CI2sKyS,"C:/Users/tesse/Desktop/Files/Dropbox/BIB\renamed\!a {2002_boullosa_vibration} Vibration measurements in the classical guitar.pdf",
5rMHGRDPJCmu4mKoycsAMx,"C:/Users/tesse/Desktop/Files/Dropbox/BIB\renamed\!a {2003_bensa_etal_simulation} The simulation of piano string vibration.pdf",
5PYvL9xNSgAUYCweK6i2Wj,"C:/Users/tesse/Desktop/Files/Dropbox/BIB\renamed\!a {2003_xu_etal_relative} Relative importance of temporal envelope and fine structure in lexical-tone perception L.pdf",
3RthHdKcE8aUWQcoECSwsP,"C:/Users/tesse/Desktop/Files/Dropbox/BIB\renamed\!a {2004_smith_virtual} Virtual Acoustic Musical Instruments.pdf",
75mqkLFczumcOSumEyk6gA,"C:/Users/tesse/Desktop/Files/Dropbox/BIB\renamed\!a {2007_markovsky_etal_overview} Overview of total least-squares methods.pdf",
2tVU1k6WscqmausWKwK6I3,"C:/Users/tesse/Desktop/Files/Dropbox/BIB\renamed\!a {2008_pesta_total} Total Least Squares Approach in Regression Methods.pdf",
5GZR0pJ488ui8oUssIG4c2,"C:/Users/tesse/Desktop/Files/Dropbox/BIB\renamed\!a {2009_brunette_etal_review} A review of artificial intelligence.pdf",
5k9fbhSxsQcAG4EgcgUu6w,"C:/Users/tesse/Desktop/Files/Dropbox/BIB\renamed\!a {2009_bryner_stiffstring} Stiff-string theory.pdf",
1olAND573eoW4YWCSCykem,"C:/Users/tesse/Desktop/Files/Dropbox/BIB\renamed\!a {2009_regnier_etal_singing} Singing voice detection in music tracks using direct voice vibrato detection.pdf",
3oTb3adBgQWWiEuKk4QIq1,"C:/Users/tesse/Desktop/Files/Dropbox/BIB\renamed\!a {2009_rouhani_etal_novel} A novel approach to geometric fitting of implicit quadrics.pdf",
S8FRbPNsY0KomqqQu2iiH,"C:/Users/tesse/Desktop/Files/Dropbox/BIB\renamed\!a {2009_sgroi_etal_learning} Learning to play 3x3 games.pdf",
4UNjTbOipyKcocGk60Ow02,"C:/Users/tesse/Desktop/Files/Dropbox/BIB\renamed\!a {2009_torresa_etal_influence} Influence of the bridge on the vibrations of the top plate of a classical guitar.pdf",
23SFa4y89eosy0iUugUOU2,"C:/Users/tesse/Desktop/Files/Dropbox/BIB\renamed\!a {2010_elkind_etal_algorithmic} Algorithmic Game Theory and Artificial Intelligence.pdf",
5Vng71AJXyquggUQoEEOQ7,"C:/Users/tesse/Desktop/Files/Dropbox/BIB\renamed\!a {2011_omodhrain_framework} A Framework for the Evaluation of Digital Musical Instruments.pdf",
248zDh384EMWmCQWm8qMQI,"C:/Users/tesse/Desktop/Files/Dropbox/BIB\renamed\!a {2011_vanclay_impact} Impact factor.pdf",
2p47KDHqBSqA6cga66MsYb,"C:/Users/tesse/Desktop/Files/Dropbox/BIB\renamed\!a {2013_adriaanse_etal_web} Web of Science Scopus and Google Scholar.pdf",
6hDSnKsIScuYw2im4kO0Uy,"C:/Users/tesse/Desktop/Files/Dropbox/BIB\renamed\!a {2013_winter_etal_expansion} The expansion of Google Scholar versus Web of Science.pdf",
60Z7AqgVrO8es2OsSi0iiQ,"C:/Users/tesse/Desktop/Files/Dropbox/BIB\renamed\!a {2014_chabassier_etal_time} Time domain simulation of a piano Part 1.pdf",
gF57dvIZagqEWMM2qmKY7,"C:/Users/tesse/Desktop/Files/Dropbox/BIB\renamed\!a {2014_sarroff_etal_musical} Musical audio synthesis using autoencoding neural nets.pdf",
3MhD7KGBDig6SSWAgsMa64,"C:/Users/tesse/Desktop/Files/Dropbox/BIB\renamed\!a {2014_wang_etal_energy} Energy efficient neural networks for big data analytics.pdf",
7UHia5mOWI6A4SEmysEgm,"C:/Users/tesse/Desktop/Files/Dropbox/BIB\renamed\!a {2015_bennasar_etal_feature} Feature selection using Joint Mutual Information Maximisation.pdf",
3KI2yMyLu0yuyc4KqcUOqb,"C:/Users/tesse/Desktop/Files/Dropbox/BIB\renamed\!a {2015_chabassier_etal_time} Time domain simulation of a piano Part 2.pdf",
gDO8F5p0aI0YeWQKeoCgw,"C:/Users/tesse/Desktop/Files/Dropbox/BIB\renamed\!a {2015_hicks_etal_leiden} The Leiden Manifesto for research metrics Use these ten principles to guide research evaluation.pdf",
3KvIft9kdOsSq6OyUEOmay,"C:/Users/tesse/Desktop/Files/Dropbox/BIB\renamed\!a {2015_klaus_comparison} Comparison of hilbert transform and sine fit approaches for the determination of damping parameters.pdf",
6VF7smThpmIqKAAI4Ieac9,"C:/Users/tesse/Desktop/Files/Dropbox/BIB\renamed\!a {2015_kulkarni_etal_deep} Deep Convolutional Inverse Graphics Network.pdf",
LI88Zzl8Ki2S4YUc6gQWf,"C:/Users/tesse/Desktop/Files/Dropbox/BIB\renamed\!a {2015_liu_etal_complex} Complex Information Game Problem Based on Artificial Neural Network.pdf",
705mDvwNGwM4Oa2ESgAKUp,"C:/Users/tesse/Desktop/Files/Dropbox/BIB\renamed\!a {2015_mongeon_etal_journal} The journal coverage of Web of Science and Scopus.pdf",
4RXZZqzsuQog6gweCSOcAs,"C:/Users/tesse/Desktop/Files/Dropbox/BIB\renamed\!a {2015_slama_etal_neural} Neural coding of sound envelope in reverberant environments.pdf",
4gGrpmlI4oMyYeqoqoimEg,"C:/Users/tesse/Desktop/Files/Dropbox/BIB\renamed\!a {2015_wu_etal_drum} Drum transcription using partially fixed non-negative matrix factorization.pdf",
3NTXRmLZluq4wAqoMqsWm8,"C:/Users/tesse/Desktop/Files/Dropbox/BIB\renamed\!a {2016_chen_etal_modeling} Modeling speech intelligibility with recovered envelope from temporal fine structure stimulus.pdf",
789WoWXAycaWgwK04aGUEp,"C:/Users/tesse/Desktop/Files/Dropbox/BIB\renamed\!a {2016_costa_etal_nanoplastics} Nanoplastics in the environment - Sources fates and effects.pdf",
7cwuCt0zXGEkE6yKaYk8eX,"C:/Users/tesse/Desktop/Files/Dropbox/BIB\renamed\!a {2016_lyubimov_etal_mathematical} Mathematical model of acoustic speech production with mobile walls of the vocal tract.pdf",
10ujvN23Q082MuMEAM4qsc,"C:/Users/tesse/Desktop/Files/Dropbox/BIB\renamed\!a {2016_serafin_etal_virtual} Virtual Reality Musical Instruments.pdf",
7zRbHS5AvS6MWOKAeg8yOk,"C:/Users/tesse/Desktop/Files/Dropbox/BIB\renamed\!a {2016_silver_etal_mastering} Mastering the game of Go with deep neural networks and tree search.pdf",
5qbsWLm5O0Gg20SkIC0Mgk,"C:/Users/tesse/Desktop/Files/Dropbox/BIB\renamed\!a {2016_southall_etal_automatic} Automatic drum transcription using bi-directional recurrent neural networks.pdf",
4CQJ0nFiPeM6oeUE0eWEm0,"C:/Users/tesse/Desktop/Files/Dropbox/BIB\renamed\!a {2016_torre_etal_hands} The hands.pdf",
sXKQjNuAYCsEIIYwMAKAo,"C:/Users/tesse/Desktop/Files/Dropbox/BIB\renamed\!a {2017_he_etal_amplitude} Amplitude envelope kinematics of speech.pdf",
1GkJxI4tfyK0Aoa6kKcO0c,"C:/Users/tesse/Desktop/Files/Dropbox/BIB\renamed\!a {2017_risi_etal_neuroevolution} Neuroevolution in games.pdf",
29vofGlASoAU2m2K6WsiEE,"C:/Users/tesse/Desktop/Files/Dropbox/BIB\renamed\!a {2018_assef_etal_modeling} Modeling and FPGA-based implementation of an efficient and simple envelope detector using a Hilbert Transform FIR filter for ultrasound imaging applications.pdf",
3NrhRapqMgwQKs62ccs2a7,"C:/Users/tesse/Desktop/Files/Dropbox/BIB\renamed\!a {2018_emerson_etal_exploring} Exploring the motivations for building new digital musical instruments.pdf",
zSSVK8kMzAEmgWcYIGWA4,"C:/Users/tesse/Desktop/Files/Dropbox/BIB\renamed\!a {2018_hou_etal_role} Role of short-time acoustic temporal fine structure cues in sentence recognition for normal-hearing listeners.pdf",
ejjYhykKPeKkEI4A0Uwkw,"C:/Users/tesse/Desktop/Files/Dropbox/BIB\renamed\!a {2019_jing_etal_neural} Neural Style Transfer.pdf",
6OmxS1JHZ6aueMwkmaGEO8,"C:/Users/tesse/Desktop/Files/Dropbox/BIB\renamed\!a {2019_li_etal_bytes} Bytes Are All You Need.pdf",
218vgBwTSgwyuGCssUuWmQ,"C:/Users/tesse/Desktop/Files/Dropbox/BIB\renamed\!a {2019_maestre_etal_creating} Creating Virtual Acoustic Replicas of Real Violins.pdf",
3ZfXRmEnFKO0uK6cUMmqcS,"C:/Users/tesse/Desktop/Files/Dropbox/BIB\renamed\!a {2019_moore_roles} The roles of temporal envelope and fine structure information in auditory perception.pdf",
tX2L5KquCyIIOiyQy4CiG,"C:/Users/tesse/Desktop/Files/Dropbox/BIB\renamed\!a {2019_pun_etal_physicallyinformed} Physicallyinformed artificial neural networks for atomistic modeling of materials.pdf",
5uuisxdXhusEoUao0K8mIp,"C:/Users/tesse/Desktop/Files/Dropbox/BIB\renamed\!a {2019_rusek_etal_unveiling} Unveiling the potential of Graph Neural Networks for network modeling and optimization in SDN.pdf",
2R7f0R2jBmI266UYaY2sG8,"C:/Users/tesse/Desktop/Files/Dropbox/BIB\renamed\!a {2019_sadiq_etal_enhanced} Enhanced q-least Mean Square.pdf",
16jlloRBYGWIYkCwIAg0Qy,"C:/Users/tesse/Desktop/Files/Dropbox/BIB\renamed\!a {2019_schutt_etal_unifying} Unifying machine learning and quantum chemistry with a deep neural network for molecular wavefunctions.pdf",
5SxqLIlKMwqu2UoqOMgUez,"C:/Users/tesse/Desktop/Files/Dropbox/BIB\renamed\!a {2019_siedenburg_specifying} Specifying the perceptual relevance of onset transients for musical instrument identification.pdf",
5pbuaWHoZ2yOS2AYiqeO0G,"C:/Users/tesse/Desktop/Files/Dropbox/BIB\renamed\!a {2019_stoll_etal_carbon} The Carbon Footprint of Bitcoin.pdf",
hSZQCOf9dKYa2qgmICMel,"C:/Users/tesse/Desktop/Files/Dropbox/BIB\renamed\!a {2019_strubell_etal_energy} Energy and Policy Considerations for Deep Learning in NLP.pdf",
1GRKhdOQosQgu2yMwaQ8wb,"C:/Users/tesse/Desktop/Files/Dropbox/BIB\renamed\!a {2019_tavanaei_etal_deep} Deep learning in spiking neural networks.pdf",
7C9edFYg9OGeQieaiYSCJ,"C:/Users/tesse/Desktop/Files/Dropbox/BIB\renamed\!a {2019_turchet_smart} Smart Musical Instruments.pdf",
5UQXda5GoMOQ0AU0sSaECp,"C:/Users/tesse/Desktop/Files/Dropbox/BIB\renamed\!a {2019_unoki_etal_how} How the temporal amplitude envelope of speech contributes to urgency perception.pdf",
5TUk9VvmScuA4yGc2aYWkK,"C:/Users/tesse/Desktop/Files/Dropbox/BIB\renamed\!a {2019_wang_etal_d} 3D Human Pose Machines with Self-supervised Learning.pdf",
6MzJqnw9jOeAuICO2WEeAB,"C:/Users/tesse/Desktop/Files/Dropbox/BIB\renamed\!a {2019_wang_etal_packing} Packing Convolutional Neural Networks in the Frequency Domain.pdf",
5SvXdz1YtyemU8y4QcCYU3,"C:/Users/tesse/Desktop/Files/Dropbox/BIB\renamed\!a {2019_xu_etal_modeling} Modeling the Echelle Spectra Continuum with Alpha Shapes and Local Regression Fitting.pdf",
2M5kTVjPmEYgK8MmeWmMiN,"C:/Users/tesse/Desktop/Files/Dropbox/BIB\renamed\!a {2019_zakharov_etal_fewshot} Few-Shot Adversarial Learning of Realistic Neural Talking Head Models.pdf",
1ALHFg0s1m6i4wW02IsKUT,"C:/Users/tesse/Desktop/Files/Dropbox/BIB\renamed\!a {2020_asaka_etal_quantum} Quantum circuit for the fast Fourier transform.pdf",
6Q1kCif8fSQwsogwoMW8Iu,"C:/Users/tesse/Desktop/Files/Dropbox/BIB\renamed\!a {2020_bangari_etal_digital} Digital Electronics and Analog Photonics for Convolutional Neural Networks DEAP-CNNs.pdf",
7vTB2p22BigOw0cCUGeIYN,"C:/Users/tesse/Desktop/Files/Dropbox/BIB\renamed\!a {2020_bohra_etal_learning} Learning Activation Functions in Deep Spline Neural Networks.pdf",
7pPq9AisQoqisQ0yuCggCF,"C:/Users/tesse/Desktop/Files/Dropbox/BIB\renamed\!a {2020_chen_etal_flexible} Flexible bandwidth reduction technique for envelope tracking using lowpass finite impulse response filters.pdf",
50VSx5tx8Qum4Amwg0cUM4,"C:/Users/tesse/Desktop/Files/Dropbox/BIB\renamed\!a {2020_ghezzi_etal_agile} Agile Business Model Innovation in Digital Entrepreneurship.pdf",
4uEcbEv8PKsmEYWswQ6Mqr,"C:/Users/tesse/Desktop/Files/Dropbox/BIB\renamed\!a {2020_hossain_etal_playing} Playing Virtual Musical Drums by MEMS 3D Accelerometer Sensor Data and Machine Learning.pdf",
1rN4tWhDEIuiCuS4OUIm8b,"C:/Users/tesse/Desktop/Files/Dropbox/BIB\renamed\!a {2020_ito_special} On special values at integers of L-functions of Jacobi theta products of weight 3.pdf",
3W8IsgwDEAuyquseIiUQMA,"C:/Users/tesse/Desktop/Files/Dropbox/BIB\renamed\!a {2020_marco_etal_mapping} Mapping the epigenomic and transcriptomic interplay during memory formation and recall in the hippocampal engram ensemble.pdf",
4TJwzmGybSEqgcgcKueUe0,"C:/Users/tesse/Desktop/Files/Dropbox/BIB\renamed\!a {2020_pessoa_etal_generic} A generic exact solver for vehicle routing and related problems.pdf",
6632VYS2NG0WUkmgYiuGsS,"C:/Users/tesse/Desktop/Files/Dropbox/BIB\renamed\!a {2020_tahiroglu_etal_digital} Digital Musical Instruments as Probes.pdf",
1Xvoy5aSfKeAquWcKE6SmV,"C:/Users/tesse/Desktop/Files/Dropbox/BIB\renamed\!a {2020_tronchin_etal_sound} Sound Characterization through Intensity of Acoustic Radiation Measurement.pdf",
5XjABmc7DyoEEc2cisoO4c,"C:/Users/tesse/Desktop/Files/Dropbox/BIB\renamed\!a {2020_wang_etal_slidingwindow} A sliding-window DFT based algorithm for parameter estimation of multi-frequency signal.pdf",
78KlF5mDa8IIGmGu22w00w,"C:/Users/tesse/Desktop/Files/Dropbox/BIB\renamed\!a {2021_wu_etal_comprehensive} A Comprehensive Survey on Graph Neural Networks.pdf",
2gPbcHVOO8E0WG6i0CCoWK,"C:/Users/tesse/Desktop/Files/Dropbox/BIB\renamed\!a {year_karjalainen_etal_compilation} Compilation of unified physical models for efficient sound synthesis.pdf",
6sfSqfOwzCOm8IkOeQ2Cak,"C:/Users/tesse/Desktop/Files/Dropbox/BIB\renamed\!b {1970_gillespie_quantum} A Quantum Mechanics Primer.pdf",True
5sg2faTcME88oMSoCIaAwM,"C:/Users/tesse/Desktop/Files/Dropbox/BIB\renamed\!b {2005_serway_etal_modern} Modern Physics.pdf",
7owh9264YEsGwOMEMWyK2v,"C:/Users/tesse/Desktop/Files/Dropbox/BIB\renamed\!b {2007_nisan_etal_algorithmic} Algorithmic game theory.pdf",
2SRLJz3gvSqEQYUwYWse4D,"C:/Users/tesse/Desktop/Files/Dropbox/BIB\renamed\!b {2007_probert_design} Design Manufacture and Analysis of a Carbon Fiber Epoxy Composite Acoustic Guitar.pdf",
1nvRpEWEoYSmaOG0CqWMWs,"C:/Users/tesse/Desktop/Files/Dropbox/BIB\renamed\!b {2008_dahlquist_numerical} Numerical Methods in Scientific Computing.pdf",
4g8u9IEp4A6WqeAcCQ4IQf,"C:/Users/tesse/Desktop/Files/Dropbox/BIB\renamed\!b {2008_halliday_etal_fundamentals} Fundamentals of Physics Extended.pdf",
1Y1ryiR5daWCsQIASqMSW0,"C:/Users/tesse/Desktop/Files/Dropbox/BIB\renamed\!b {2011_erocal_algebraic} Algebraic Extensions for Symbolic Summation.pdf",
4hqrL9Rndum2w0EeuGMMAB,"C:/Users/tesse/Desktop/Files/Dropbox/BIB\renamed\!b {2011_hudson_process} Process.pdf",
2aejWeKsjegUCEoSMUWCMl,"C:/Users/tesse/Desktop/Files/Dropbox/BIB\renamed\!b {2014_vanderbei_linear} Linear programming.pdf",
6bh4O6pTyM2YMgIcwcumuv,"C:/Users/tesse/Desktop/Files/Dropbox/BIB\renamed\!b {2015_sterling_etal_principles} Principles of neural design.pdf",
qozI0jQPcWs6yK0oEcgSe,"C:/Users/tesse/Desktop/Files/Dropbox/BIB\renamed\!b {2016_young_etal_introduction} Introduction to Polymers.pdf",
6lMWIyNNIcwEkaC2cUUcyF,"C:/Users/tesse/Desktop/Files/Dropbox/BIB\renamed\!b {2017_kaehler_etal_learning} Learning OpenCV 3.epub",
3NNcdpIvFuEi00swQIuSwP,"C:/Users/tesse/Desktop/Files/Dropbox/BIB\renamed\!b {2018_brown_etal_strategic} Strategic Operations Management.pdf",
3DgmsV0UFamOkmAsyOcYkO,"C:/Users/tesse/Desktop/Files/Dropbox/BIB\renamed\!b {2020_bennett_digital} Digital Audio Theory.pdf",
2HJchglomcKcYsIGqyqO4W,"C:/Users/tesse/Desktop/Files/Dropbox/BIB\renamed\!b {2020_duarte_resonate} Resonate.pdf",
729wiLvrfakWAYgms0AWIF,"C:/Users/tesse/Desktop/Files/Dropbox/BIB\renamed\!b {2020_moloi_etal_artificial} Artificial Intelligence in Economics and Finance Theories.pdf",
62vKfxH4aI8G8kMkCA4Usk,"C:/Users/tesse/Desktop/Files/Dropbox/BIB\renamed\!b {2020_subramanian_deep} Deep Learning With PyTorch.pdf",
2qdd32CNjKQSESMOcwwUIm,"C:/Users/tesse/Desktop/Files/Dropbox/BIB\renamed\!r {1996_sutherland_harmonic} The Harmonic Oscillator.PDF",
2bIuy5mXNykMscmUImUiYd,"C:/Users/tesse/Desktop/Files/Dropbox/BIB\renamed\!r {1999_pollock_smoothing} Smoothing with Cubic Splines.pdf",
6lwSMjB7Y4imuoQASsocCu,"C:/Users/tesse/Desktop/Files/Dropbox/BIB\renamed\!r {2006_smith_basic} A Basic Introduction to Digital Waveguide Synthesis for the Technically Inclined.pdf",
2mkHdfTz9iaOGYe6AwAgQV,"C:/Users/tesse/Desktop/Files/Dropbox/BIB\renamed\!r {2006_ulrich_envelope} Envelope calculation from the Hilbert transform.pdf",
6oXZzTZvtm82UcY6SMooAa,"C:/Users/tesse/Desktop/Files/Dropbox/BIB\renamed\!r {2008_smith_digital} Digital Waveguide Architectures for Virtual Musical Instruments.pdf",
75orVkwapaMS80OOi8ewgv,"C:/Users/tesse/Desktop/Files/Dropbox/BIB\renamed\!r {2014_graves_etal_neural} Neural Turing Machines.pdf",
6H2xifxSmsiIWU6isYQGEF,"C:/Users/tesse/Desktop/Files/Dropbox/BIB\renamed\!r {2018_bergman1} Derivation of the Wave Equation.pdf",
tSa5qk5Czm444QGmUMoQk,"C:/Users/tesse/Desktop/Files/Dropbox/BIB\renamed\!r {2019_sousa_etal_theoretical} Theoretical neuroscience.pdf",
1VAOo5SG9Wy6aIO0S6akiD,"C:/Users/tesse/Desktop/Files/Dropbox/BIB\renamed\!r {2020_conlon_etal_lower} Lower bounds for multicolor ramsey numbers.pdf",
2LrZuOiWbmOOWiEyUuooqm,"C:/Users/tesse/Desktop/Files/Dropbox/BIB\renamed\!r {2020_hwang_etal_image} Image Colorization with Deep Convolutional Neural Networks.pdf",
7kYx84tRPasssCAe6YUoGe,"C:/Users/tesse/Desktop/Files/Dropbox/BIB\renamed\!r {2020_nguyen_etal_superhuman} Super-human performance in online low-latency recognition of conversational speech.pdf",
4Fte4J4FkAsgC2iY0c8i8y,"C:/Users/tesse/Desktop/Files/Dropbox/BIB\renamed\!r {2020_zhao_etal_verticalhorizontal} Vertical-horizontal structured attention for generating music with chords.pdf",
2Xo56FJx2UYSggKUcEk667,"C:/Users/tesse/Desktop/Files/Dropbox/BIB\renamed\!r {2021_dawkins_calculus} Calculus II sequences and Series.pdf",
1EOPmrw4MkCuU2UIq6gYoc,"C:/Users/tesse/Desktop/Files/Dropbox/BIB\renamed\!r {year_rush_music} Music theory for musicians and normal people.pdf",
3EoK4Cv7LauaIScWmUKaA3,"C:/Users/tesse/Desktop/Files/Dropbox/BIB\Thesis\envelope\!a {2016_he_etal} A Praat-Based Algorithm to Extract the Amplitude Envelope and Temporal Fine Structure Using the Hilbert Transform.PDF",
4xJHAYNbewaYmeCAsQKu8S,"C:/Users/tesse/Desktop/Files/Dropbox/BIB\Thesis\envelope\!a {2017_qi_etal_relative} Relative contributions of acoustic temporal fine structure and envelope cues for lexical tone perception in noise.pdf",
jenXs8m7E460QuKMeO0C0,"C:/Users/tesse/Desktop/Files/Dropbox/BIB\Thesis\envelope\!a {2018_zhu_etal_contributions} Contributions of temporal cue on the perception of speaker individuality and vocal emotion for noise-vocoded speech.pdf",
4zvGte8y0waCYgquQQm2Og,"C:/Users/tesse/Desktop/Files/Dropbox/BIB\Thesis\envelope\1995 Speech Recognition with Primarily Temporal Cues - Shannon et al.pdf",
6sfSqfOwzCOm8IkOeQ2Cak,"C:/Users/tesse/Desktop/Files/Dropbox/BIB\Thesis\envelope\1995 Temporal envelope and fine structure cues for speech intelligibility - Drullman.pdf",True
7jlFKj1GGQywEU6cOC6cEl,"C:/Users/tesse/Desktop/Files/Dropbox/BIB\Thesis\envelope\2008 2D Image Analysis by Generalized Hilbert Transforms in Conformal Space - Wietzke.pdf",
4MBO7a32Hei622U8u6EiO6,"C:/Users/tesse/Desktop/Files/Dropbox/BIB\Thesis\envelope\2009 Applications of signal analysis using autoregressive models for amplitude modulation - Ganapathy et al..pdf",
4YG4RNUjhKkEWoCWSk4WMj,"C:/Users/tesse/Desktop/Files/Dropbox/BIB\Thesis\envelope\2010 Autoregressive frequency detection using Regularized Least Squares - Chen and Gel.pdf",
4V9ecudw6Q2qu6OukOQyAf,"C:/Users/tesse/Desktop/Files/Dropbox/BIB\Thesis\envelope\2015 Automated extraction of ground surface along urban roads from mobile laser scanning point clouds - Wu.pdf",
6cujd5sfo4aUuOIUwesoeV,"C:/Users/tesse/Desktop/Files/Dropbox/BIB\Thesis\envelope\alpha shapes\!a {2016_varytimidis_etal} α-shapes for local feature detection.pdf",
5Hf2ohV3MWus2yK4EsGoQl,"C:/Users/tesse/Desktop/Files/Dropbox/BIB\Thesis\envelope\alpha shapes\1983 On the shape of a set of points in the plane - Edelsbrunner et al.pdf",
7umLkRISEoIqoSsemy4oap,"C:/Users/tesse/Desktop/Files/Dropbox/BIB\Thesis\envelope\alpha shapes\1994 Three-dimensional alpha shapes - Edelsbrunner & Mücke.pdf",
7Ba4zf2a7CSusM64MCymUX,"C:/Users/tesse/Desktop/Files/Dropbox/BIB\Thesis\envelope\alpha shapes\2010 Alpha Shapes  a Survey - Edelsbrunner.pdf",
1tNZF3VjL6WsUcG0wUkyCD,"C:/Users/tesse/Desktop/Files/Dropbox/BIB\Thesis\envelope\analytic signal\2007 The History of Applications of Analytic Signals in Electrical and Radio Engineering - Hahn.pdf",
5CEQtP46qceK8OAUkkOUef,"C:/Users/tesse/Desktop/Files/Dropbox/BIB\Thesis\envelope\analytic signal\Analytic_signal_processing_in_music_comp.pdf",
6sfSqfOwzCOm8IkOeQ2Cak,"C:/Users/tesse/Desktop/Files/Dropbox/BIB\Thesis\envelope\analytic signal\gabor1946.pdf",True
6sfSqfOwzCOm8IkOeQ2Cak,"C:/Users/tesse/Desktop/Files/Dropbox/BIB\Thesis\envelope\analytic signal\RM3439.pdf",True
7jGmgAed6owYwCQAQ0SaIK,"C:/Users/tesse/Desktop/Files/Dropbox/BIB\Thesis\envelope\curvature\!a {2014_carroll_etal_survey} A Survey of the Differential Geometry of Discrete Curves.pdf",
2CEBzc2aD6yweKIgCCasAX,"C:/Users/tesse/Desktop/Files/Dropbox/BIB\Thesis\envelope\curvature\2008 Curvature and Torsion Estimators for 3D Curves - Nguyen and Debled-Rennesson.pdf",
wxUkgnCDssIaCgQGuiGKa,"C:/Users/tesse/Desktop/Files/Dropbox/BIB\Thesis\envelope\curvature\2008 Curvatures of Smooth and Discrete Surfaces - Sullivan.pdf",
7DTx73lENq0yiaY0OMicSh,"C:/Users/tesse/Desktop/Files/Dropbox/BIB\Thesis\envelope\curvature\2010 A Novel Curvature Estimator for Digital Curves and Images - Fleischmann.pdf",
3XAeCbt98Icmc6gouGoEqQ,"C:/Users/tesse/Desktop/Files/Dropbox/BIB\Thesis\envelope\curvature\2010 Discrete Curvature Based on Osculating Circle Estimation - Coeurjolly.pdf",
6dCN7hxwtywEmmCqQ2eCt,"C:/Users/tesse/Desktop/Files/Dropbox/BIB\Thesis\envelope\curvature\2010 Robust and Accurate Curvature Estimation Using Adaptive Line Integrals - Lin et al..pdf",
5yu7H8WTssIW0WyG8UkyOX,"C:/Users/tesse/Desktop/Files/Dropbox/BIB\Thesis\envelope\curvature\2013 First steps in differential geometry Riemannian, contact, symplectic - McInerney.pdf",
50Pgekce4gYsiGsqouMAX,"C:/Users/tesse/Desktop/Files/Dropbox/BIB\Thesis\envelope\curvature\2014 A Short Course in Computational Geometry and Topology - Edelsbrunner.pdf",
21ycZ1ggLia6Qs2imsmeo1,"C:/Users/tesse/Desktop/Files/Dropbox/BIB\Thesis\envelope\curvature\2016 Mesh Statistics for Robust Curvature Estimation - Váša.pdf",
1aIaQuqoZsAYeAC8my0yiD,"C:/Users/tesse/Desktop/Files/Dropbox/BIB\Thesis\envelope\curvature\2016 Multivariate analysis of curvature estimators - Váša.pdf",
6Gr0CJizQIAcqO8Cccqy45,"C:/Users/tesse/Desktop/Files/Dropbox/BIB\Thesis\envelope\curvature\An easier derivation of the curvature formula from first principles - Ferguson.pdf",
4jlcCsMjAAi8weGCO62SAz,"C:/Users/tesse/Desktop/Files/Dropbox/BIB\Thesis\envelope\curvature\Lectures in Discrete Diﬀerential Geometry 1 – Plane Curves - Vouga.pdf",
7Mp2jkZ8sMgcUWsq4ugGUd,"C:/Users/tesse/Desktop/Files/Dropbox/BIB\Thesis\envelope\curvature\Radius of Curvature Alternative Derivation (1).pdf",
6KJtXccnxmio6YgiYOgwGI,"C:/Users/tesse/Desktop/Files/Dropbox/BIB\Thesis\envelope\envelope\!a {2011_caetano_etal_improved} Improved estimation of the amplitude envelope of time-domain signals using true envelope cepstral smoothing.pdf",
1qs947jj3GcYg2eCGoiyIm,"C:/Users/tesse/Desktop/Files/Dropbox/BIB\Thesis\envelope\envelope\!a {2011_lokki_etal_engaging} Engaging concert hall acoustics is made up of temporal envelope preserving reflections.pdf",
3Av88GITJCaqEwC6M6CGKO,"C:/Users/tesse/Desktop/Files/Dropbox/BIB\Thesis\envelope\envelope\!a {2011_turner_etal_demodulation} Demodulation as Probabilistic Inference.pdf",
661NJllOWQIwo48ewqgOmA,"C:/Users/tesse/Desktop/Files/Dropbox/BIB\Thesis\envelope\envelope\!a {2013_meng_etal_empirical} An empirical envelope estimation algorithm.pdf",
4y6N4HP1VCsSQyK648gcMK,"C:/Users/tesse/Desktop/Files/Dropbox/BIB\Thesis\envelope\envelope\!a {2014_yang_etal_fast} Fast digital envelope detector based on generalized harmonic wavelet transform for BOTDR performance improvement.pdf",
1PtOaGGCE8YiQYgQioMgeR,"C:/Users/tesse/Desktop/Files/Dropbox/BIB\Thesis\envelope\envelope\!a {2015_yang_etal_representing} Representing the evolving temporal envelope of musical instruments sounds using Computer Vision methods.pdf",
4kYmOcgqy4igYGGgMw8YSh,"C:/Users/tesse/Desktop/Files/Dropbox/BIB\Thesis\envelope\envelope\!a {2015_yang_etal_skeletonbased} Skeleton-based audio envelope shape analysis.pdf",
1Hq8vsjsCo8iMiyeWaUsQu,"C:/Users/tesse/Desktop/Files/Dropbox/BIB\Thesis\envelope\envelope\!a {2017_lyons_digital} Digital Envelope Detection.pdf",
4KMrAPCvqU44skaEwOQ6MT,"C:/Users/tesse/Desktop/Files/Dropbox/BIB\Thesis\envelope\envelope\1996 On the amplitude- and frequency-modulation decomposition of signalsa) - Loughlin and Tacer.pdf",
60WvEatCWQkKAwg2auey4n,"C:/Users/tesse/Desktop/Files/Dropbox/BIB\Thesis\envelope\envelope\1998 The empirical mode decomposition and the Hilbert spectrum for nonlinear and non-stationary time series analysis - Huang et al..pdf",
6uoE12nFwQYk2woE4MMEoN,"C:/Users/tesse/Desktop/Files/Dropbox/BIB\Thesis\envelope\envelope\1999 A Digital Envelope Detection Filter for Real-Time Operation - Fritsch.pdf",
gDbBBuZFv24CO8kYKS0GI,"C:/Users/tesse/Desktop/Files/Dropbox/BIB\Thesis\envelope\envelope\2007 Autoregressive Modeling of Temporal Envelopes - Athineos and Ellis.pdf",
6RoH0egqL6ukqUKs6sIAuc,"C:/Users/tesse/Desktop/Files/Dropbox/BIB\Thesis\envelope\envelope\2010 Autoregressive Modeling of TemporalSpectral Envelopes With Finite-Length Discrete Trigonometric Transforms - Hsu and Liu.pdf",
3hXAHmrdR6G8q0YkqUysar,"C:/Users/tesse/Desktop/Files/Dropbox/BIB\Thesis\envelope\envelope\2015 Anefficient quadrature demodulator for medical ultrasound imaging - Zhou.pdf",
6eW01QlHqg8EUW4u80AUUi,"C:/Users/tesse/Desktop/Files/Dropbox/BIB\Thesis\envelope\envelope\On the relationship between multi-channel envelope and temporal ﬁne structure - Søndergaard et al..pdf",
4BA0QyuRIskyq0aWYoWiOg,"C:/Users/tesse/Desktop/Files/Dropbox/BIB\Thesis\envelope\total last squares\2012 Linear and Nonlinear Models - Grafarend and Awange.PDF",
13i6IQ0exQiOYIG4WwiAua,"C:/Users/tesse/Desktop/Files/Dropbox/BIB\Thesis\envelope\total last squares\2014 A tutorial on the total least squares method for fitting a straight line and a plane - Muñoz et al..pdf",
5zfi48nwMo8EowG4yw4acE,"C:/Users/tesse/Desktop/Files/Dropbox/BIB\Thesis\introducao\2010 Replay - Donovan and OverDrive.pdf",
3PWJcxCn7GIq2ueG8cgc4s,"C:/Users/tesse/Desktop/Files/Dropbox/BIB\Thesis\introducao\2012 Before the crash early video game history - Wolf.pdf",
